MemId,Name,Family,Region,ImageUrl,IsClarified
11001,علی آذری,,قوچان و فاروج,https://majles.iran.liara.run/api/TrVotes/GetMemberImage/11001,False
11002,منصور آرامی,,بندرعباس، قشم، ابوموسی،حاجی‌آباد و خمیر,https://majles.iran.liara.run/api/TrVotes/GetMemberImage/11002,False
11003,رضا آریان پور,,مینودشت، کلاله، گالیکش و مراوه‌تپه,https://majles.iran.liara.run/api/TrVotes/GetMemberImage/11003,False
11004,الهام آزاد,,نائین، خور و بیابانک,https://majles.iran.liara.run/api/TrVotes/GetMemberImage/11004,False
11005,احد آزادی خواه,,ملایر,https://majles.iran.liara.run/api/TrVotes/GetMemberImage/11005,False
11006,محمد آشوری تازیانی,,بندرعباس، قشم، ابوموسی،حاجی‌آباد و خمیر,https://majles.iran.liara.run/api/TrVotes/GetMemberImage/11006,False
11007,محمدحسن آصفری,,اراک، کمیجان و خنداب,https://majles.iran.liara.run/api/TrVotes/GetMemberImage/11007,False
11010,مرتضی آقاتهرانی,,تهران، شمیرانات، ری، اسلامشهر و پردیس,https://majles.iran.liara.run/api/TrVotes/GetMemberImage/11010,False
11008,حبیب آقاجری,,بندرماهشهر، امیدیه، هندیجان و بخش جولکی,https://majles.iran.liara.run/api/TrVotes/GetMemberImage/11008,False
11009,سیدعلی آقازاده دافساری,,رشت,https://majles.iran.liara.run/api/TrVotes/GetMemberImage/11009,False
11011,سیدمصطفی آقامیرسلیم,,تهران، شمیرانات، ری، اسلامشهر و پردیس,https://majles.iran.liara.run/api/TrVotes/GetMemberImage/11011,False
11012,سیداحمد آوائی,,دزفول,https://majles.iran.liara.run/api/TrVotes/GetMemberImage/11012,False
11013,یحیی ابراهیمی,,دلفان و سلسله,https://majles.iran.liara.run/api/TrVotes/GetMemberImage/11013,False
11014,ابوالفضل ابوترابی,,نجف‌آباد، تیران و کرون,https://majles.iran.liara.run/api/TrVotes/GetMemberImage/11014,f
11015,اکبر احمدپور,,خواف و رشتخوار,https://majles.iran.liara.run/api/TrVotes/GetMemberImage/11015,f
11016,سیدلفته احمدنژاد,,خرمشهر,https://majles.iran.liara.run/api/TrVotes/GetMemberImage/11016,f
11017,محمدرضا احمدی,,رشت,https://majles.iran.liara.run/api/TrVotes/GetMemberImage/11017,f
11018,موسی احمدی,,کنگان، دیر، جم و عسلویه,https://majles.iran.liara.run/api/TrVotes/GetMemberImage/11018,f
11019,محمود احمدی بیغش,,شازند,https://majles.iran.liara.run/api/TrVotes/GetMemberImage/11019,f
11020,اسفندیار اختیاری کسنویه یزد,,زرتشتیان,https://majles.iran.liara.run/api/TrVotes/GetMemberImage/11020,f
11021,احسان ارکانی,,نیشابور و فیروزه,https://majles.iran.liara.run/api/TrVotes/GetMemberImage/11021,f
11022,سلمان اسحاقی,,قائنات و زیرکوه,https://majles.iran.liara.run/api/TrVotes/GetMemberImage/11022,f
11023,مهدی اسماعیلی,,میانه,https://majles.iran.liara.run/api/TrVotes/GetMemberImage/11023,f
11024,ولی اسماعیلی,,گرمی و انگوت,https://majles.iran.liara.run/api/TrVotes/GetMemberImage/11024,f
11025,ذبیح الله اعظمی ساردوئی,,جیرفت و عنبرآباد,https://majles.iran.liara.run/api/TrVotes/GetMemberImage/11025,f
11027,زهره الهیان,,تهران، شمیرانات، ری، اسلامشهر و پردیس,https://majles.iran.liara.run/api/TrVotes/GetMemberImage/11027,f
11167,حسین امامی راد,,چناران و بینالود,https://majles.iran.liara.run/api/TrVotes/GetMemberImage/11167,f
11028,احمد امیرآبادی فراهانی,,قم,https://majles.iran.liara.run/api/TrVotes/GetMemberImage/11028,f
11029,سیدحمزه امینی,,هشترود و چاراویماق,https://majles.iran.liara.run/api/TrVotes/GetMemberImage/11029,f
11030,مجید انصاری,,ممسنی و رستم,https://majles.iran.liara.run/api/TrVotes/GetMemberImage/11030,f
11031,شارلی انویه تکیه,,مسیحیان آشوری و کلدانی,https://majles.iran.liara.run/api/TrVotes/GetMemberImage/11031,f
11032,پرویز اوسطی,,قروه و دهگلان,https://majles.iran.liara.run/api/TrVotes/GetMemberImage/11032,f
11026,عزت‌اله اکبری تالارپشتی,,تهران، شمیرانات، ری، اسلامشهر و پردیس,https://majles.iran.liara.run/api/TrVotes/GetMemberImage/11026,f
11278,عبدالجلال ایری,,کردکوی، ترکمن، بندرگز و گمیشان,https://majles.iran.liara.run/api/TrVotes/GetMemberImage/11278,f
11033,عبداله ایزدپناه,,ایذه، باغملک، دزپارت و صیدون,https://majles.iran.liara.run/api/TrVotes/GetMemberImage/11033,f
11034,روح اله ایزدخواه,,تهران، شمیرانات، ری، اسلامشهر و پردیس,https://majles.iran.liara.run/api/TrVotes/GetMemberImage/11034,f
11035,علی بابائی کارنامی,,ساری و میاندورود,https://majles.iran.liara.run/api/TrVotes/GetMemberImage/11035,f
11036,علی اصغر باقرزاده,,بابلسر و فریدونکنار,https://majles.iran.liara.run/api/TrVotes/GetMemberImage/11036,f
11037,محمد باقری,,بناب,https://majles.iran.liara.run/api/TrVotes/GetMemberImage/11037,f
11279,مهدی باقری,,زنجان و طارم,https://majles.iran.liara.run/api/TrVotes/GetMemberImage/11279,f
11038,حسین بامیری,,لردگان و خانمیرزا,https://majles.iran.liara.run/api/TrVotes/GetMemberImage/11038,f
11039,امیرحسین بانکی پورفرد,,اصفهان,https://majles.iran.liara.run/api/TrVotes/GetMemberImage/11039,f
11280,مجتبی بخشی پور,,اسلام آباد غرب و دالاهو,https://majles.iran.liara.run/api/TrVotes/GetMemberImage/11280,f
11040,صدیف بدری,,اردبیل، نمین، نیر و سرعین,https://majles.iran.liara.run/api/TrVotes/GetMemberImage/11040,f
11041,علی اکبر بسطامی,,ایلام، ایوان، چرداول، مهران، ملکشاهی و شیروان,https://majles.iran.liara.run/api/TrVotes/GetMemberImage/11041,f
11042,فرهاد بشیری,,پاکدشت,https://majles.iran.liara.run/api/TrVotes/GetMemberImage/11042,f
11043,روبرت بگلریان,,مسیحیان ارمنی جنوب ایران,https://majles.iran.liara.run/api/TrVotes/GetMemberImage/11043,f
11044,خلیل بهروزی فر,,فومن و شفت,https://majles.iran.liara.run/api/TrVotes/GetMemberImage/11044,f
11288,ولی‌اله بیاتی تفرش,,تفرش، آشتیان و فراهان,https://majles.iran.liara.run/api/TrVotes/GetMemberImage/11288,f
11045,هادی بیگی نژاد,,ملایر,https://majles.iran.liara.run/api/TrVotes/GetMemberImage/11045,f
11046,معصومه پاشائی بهرام,,مرند و جلفا,https://majles.iran.liara.run/api/TrVotes/GetMemberImage/11046,f
11047,علیرضا پاک فطرت,,شیراز و زرقان,https://majles.iran.liara.run/api/TrVotes/GetMemberImage/11047,f
11048,سیدمحمد پاک مهر,,بجنورد، مانه، سملقان، جاجرم، گرمه، راز و جرگلان,https://majles.iran.liara.run/api/TrVotes/GetMemberImage/11048,f
11049,مسعود پزشکیان,,تبریز، آذرشهر و اسکو,https://majles.iran.liara.run/api/TrVotes/GetMemberImage/11049,f
11050,نصرالله پژمان‌فر,,مشهد و کلات,https://majles.iran.liara.run/api/TrVotes/GetMemberImage/11050,f
11051,محمدرضا پورابراهیمی داورانی,,کرمان و راور,https://majles.iran.liara.run/api/TrVotes/GetMemberImage/11051,f
11052,محسن پیرهادی,,تهران، شمیرانات، ری، اسلامشهر و پردیس,https://majles.iran.liara.run/api/TrVotes/GetMemberImage/11052,f
11054,سیدرضا تقوی,,تهران، شمیرانات، ری، اسلامشهر و پردیس,https://majles.iran.liara.run/api/TrVotes/GetMemberImage/11054,f
11055,رضا تقی پورانوری,,تهران، شمیرانات، ری، اسلامشهر و پردیس,https://majles.iran.liara.run/api/TrVotes/GetMemberImage/11055,f
11056,مجتبی توانگر,,تهران، شمیرانات، ری، اسلامشهر و پردیس,https://majles.iran.liara.run/api/TrVotes/GetMemberImage/11056,f
11289,فتح‌الله توسلی,,بهار، کبودرآهنگ,https://majles.iran.liara.run/api/TrVotes/GetMemberImage/11289,f
11057,احمد جباری,,بندرلنگه، بستک و پارسیان,https://majles.iran.liara.run/api/TrVotes/GetMemberImage/11057,f
11058,علی جدی,,شیروان,https://majles.iran.liara.run/api/TrVotes/GetMemberImage/11058,f
11060,امیرقلی جعفری بروجنی,,بروجن,https://majles.iran.liara.run/api/TrVotes/GetMemberImage/11060,f
11061,وحید جلال زاده,,ارومیه,https://majles.iran.liara.run/api/TrVotes/GetMemberImage/11061,f
11062,حسین جلالی,,رفسنجان و انار,https://majles.iran.liara.run/api/TrVotes/GetMemberImage/11062,f
11063,عبدالکریم جمیری,,بوشهر، گناوه و دیلم,https://majles.iran.liara.run/api/TrVotes/GetMemberImage/11063,f
11065,عباس جهانگیرزاده,,پارس آباد و بیله سوار,https://majles.iran.liara.run/api/TrVotes/GetMemberImage/11065,f
11064,محمدصالح جوکار,,یزد، اشکذر،بخش ندوشن و دهستان سورک,https://majles.iran.liara.run/api/TrVotes/GetMemberImage/11064,f
11281,شبیب جویجری,,اهواز، باوی، حمیدیه و کارون,https://majles.iran.liara.run/api/TrVotes/GetMemberImage/11281,f
11066,هاجر چنارانی,,نیشابور و فیروزه,https://majles.iran.liara.run/api/TrVotes/GetMemberImage/11066,f
11067,حسین حاتمی,,کلیبر، خداآفرین و هوراند,https://majles.iran.liara.run/api/TrVotes/GetMemberImage/11067,f
11068,حمیدرضا حاجی بابائی,,همدان و فامنین,https://majles.iran.liara.run/api/TrVotes/GetMemberImage/11068,f
11069,رضا حاجی پور,,آمل,https://majles.iran.liara.run/api/TrVotes/GetMemberImage/11069,f
11070,حسینعلی حاجی دلیگانی,,شاهین شهر، میمه و برخوار,https://majles.iran.liara.run/api/TrVotes/GetMemberImage/11070,f
11071,انور حبیب زاده بوکانی,,بوکان,https://majles.iran.liara.run/api/TrVotes/GetMemberImage/11071,f
11072,علی حدادی,,ساوجبلاغ، نظرآباد و طالقان,https://majles.iran.liara.run/api/TrVotes/GetMemberImage/11072,f
11073,شهباز حسن پوربیگلری,,سیرجان و بردسیر,https://majles.iran.liara.run/api/TrVotes/GetMemberImage/11073,f
11074,فریدون حسنوند,,اندیمشک,https://majles.iran.liara.run/api/TrVotes/GetMemberImage/11074,f
11075,امان اله حسین پور,,اسفراین,https://majles.iran.liara.run/api/TrVotes/GetMemberImage/11075,f
11076,کمال حسین پور,,پیرانشهر و سردشت,https://majles.iran.liara.run/api/TrVotes/GetMemberImage/11076,f
11077,حسین حسین زاده,,لارستان، خنج، گراش و اوز,https://majles.iran.liara.run/api/TrVotes/GetMemberImage/11077,f
11078,محمدحسین حسین زاده بحرینی,,مشهد و کلات,https://majles.iran.liara.run/api/TrVotes/GetMemberImage/11078,f
11079,اسماعیل حسین زهی,,خاش، میرجاوه، کورین و نصرت آباد,https://majles.iran.liara.run/api/TrVotes/GetMemberImage/11079,f
11080,سیدالبرز حسینی,,خدابنده,https://majles.iran.liara.run/api/TrVotes/GetMemberImage/11080,f
11081,سیدشمس الدین حسینی,,تنکابن، رامسر و عباس آباد,https://majles.iran.liara.run/api/TrVotes/GetMemberImage/11081,f
11082,سیدکریم حسینی,,اهواز، باوی، حمیدیه و کارون,https://majles.iran.liara.run/api/TrVotes/GetMemberImage/11082,f
11290,سیدمرتضی حسینی میانه,,میانه,https://majles.iran.liara.run/api/TrVotes/GetMemberImage/11290,f
11083,سیدجواد حسینی کیا,,سنقر و کلیایی,https://majles.iran.liara.run/api/TrVotes/GetMemberImage/11083,f
11291,سیدناصر حسینی‌پور گچساران,,گچساران و باشت,https://majles.iran.liara.run/api/TrVotes/GetMemberImage/11291,f
11084,روح الله حضرت پورطلاتپه,,ارومیه,https://majles.iran.liara.run/api/TrVotes/GetMemberImage/11084,f
11085,حسین حق وردی,,شهریار، قدس و ملارد,https://majles.iran.liara.run/api/TrVotes/GetMemberImage/11085,f
11086,قدرت الله حمزه شلمزاری,,اردل، فارسان، کوهرنگ و کیار,https://majles.iran.liara.run/api/TrVotes/GetMemberImage/11086,f
11087,شهریار حیدری,,قصرشیرین، سرپل ذهاب و گیلانغرب,https://majles.iran.liara.run/api/TrVotes/GetMemberImage/11087,f
11089,سید مسعود خاتمی,,گلپایگان و خوانسار,https://majles.iran.liara.run/api/TrVotes/GetMemberImage/11089,f
11088,سیدمرتضی خاتمی,,ماهنشان و ایجرود,https://majles.iran.liara.run/api/TrVotes/GetMemberImage/11088,f
11090,سیداحسان خاندوزی (مستعفی),,تهران، شمیرانات، ری، اسلامشهر و پردیس,https://majles.iran.liara.run/api/TrVotes/GetMemberImage/11090,f
11091,علی اصغر خانی,,شاهرود و میامی,https://majles.iran.liara.run/api/TrVotes/GetMemberImage/11091,f
11092,محمد خدابخشی,,الیگودرز,https://majles.iran.liara.run/api/TrVotes/GetMemberImage/11092,f
11093,حسین خسروی اسفزار,,بیرجند، درمیان و خوسف,https://majles.iran.liara.run/api/TrVotes/GetMemberImage/11093,f
11094,علی خضریان,,تهران، شمیرانات، ری، اسلامشهر و پردیس,https://majles.iran.liara.run/api/TrVotes/GetMemberImage/11094,f
11095,یوسف داودی,,سراب,https://majles.iran.liara.run/api/TrVotes/GetMemberImage/11095,f
11096,عبدالناصر درخشان,,ایرانشهر،سرباز، دلگان، فنوج ، بمپور، بخشهاي بنت، لاشار، آشار و آهوران,https://majles.iran.liara.run/api/TrVotes/GetMemberImage/11096,f
11097,محمدرضا دشتی اردکانی,,اردکان,https://majles.iran.liara.run/api/TrVotes/GetMemberImage/11097,f
11098,سیدکاظم دلخوش اباتری,,صومعه‌سرا,https://majles.iran.liara.run/api/TrVotes/GetMemberImage/11098,f
11099,احمد دنیامالی,,بندرانزلی,https://majles.iran.liara.run/api/TrVotes/GetMemberImage/11099,f
11100,الهویردی دهقانی,,ورزقان,https://majles.iran.liara.run/api/TrVotes/GetMemberImage/11100,f
11101,حبیب الله دهمرده,,زابل، زهک، هیرمند، نیمروز و هامون,https://majles.iran.liara.run/api/TrVotes/GetMemberImage/11101,f
11102,سیدمحسن دهنوی,,تهران، شمیرانات، ری، اسلامشهر و پردیس,https://majles.iran.liara.run/api/TrVotes/GetMemberImage/11102,f
11103,سیدسلمان ذاکر,,ارومیه,https://majles.iran.liara.run/api/TrVotes/GetMemberImage/11103,f
11104,مجتبی ذوالنوری,,قم,https://majles.iran.liara.run/api/TrVotes/GetMemberImage/11104,f
11105,حسین رئیسی,,میناب، رودان، جاسک، سیریک و بشاگرد,https://majles.iran.liara.run/api/TrVotes/GetMemberImage/11105,f
11106,جعفر راستی,,شبستر,https://majles.iran.liara.run/api/TrVotes/GetMemberImage/11106,f
11107,احمد راستینه هفشجانی,,شهرکرد، بن و سامان,https://majles.iran.liara.run/api/TrVotes/GetMemberImage/11107,f
11282,حسین رجایی,,لنجان,https://majles.iran.liara.run/api/TrVotes/GetMemberImage/11282,f
11108,رجب رحمانی,,تاکستان,https://majles.iran.liara.run/api/TrVotes/GetMemberImage/11108,f
11109,فاطمه رحمانی,,مشهد و کلات,https://majles.iran.liara.run/api/TrVotes/GetMemberImage/11109,f
11110,بهزاد رحیمی,,سقز و بانه,https://majles.iran.liara.run/api/TrVotes/GetMemberImage/11110,f
11111,جلیل رحیمی جهان آبادی,,تربت‌جام، تایباد، باخرز و صالح آباد,https://majles.iran.liara.run/api/TrVotes/GetMemberImage/11111,f
11112,عبدالعلی رحیمی مظفری,,سروستان، کوار و خرامه,https://majles.iran.liara.run/api/TrVotes/GetMemberImage/11112,f
11113,حسن رزمیان مقدم,,درگز,https://majles.iran.liara.run/api/TrVotes/GetMemberImage/11113,f
11114,سیداحمد رسولی نژاد,,دماوند و فیروزکوه,https://majles.iran.liara.run/api/TrVotes/GetMemberImage/11114,f
11115,محمد رشیدی,,کرمانشاه,https://majles.iran.liara.run/api/TrVotes/GetMemberImage/11115,f
11116,جلال رشیدی کوچی,,مرودشت، پاسارگاد و ارسنجان,https://majles.iran.liara.run/api/TrVotes/GetMemberImage/11116,f
11117,ابراهیم رضائی,,دشتستان,https://majles.iran.liara.run/api/TrVotes/GetMemberImage/11117,f
11118,علی رضائی,,کنگاور، صحنه و هرسین,https://majles.iran.liara.run/api/TrVotes/GetMemberImage/11118,f
11119,محمدرضا رضائی کوچی,,جهرم و خفر,https://majles.iran.liara.run/api/TrVotes/GetMemberImage/11119,f
11120,مصطفی رضاحسینی قطب آبادی,,شهر بابک,https://majles.iran.liara.run/api/TrVotes/GetMemberImage/11120,f
11121,مجتبی رضاخواه,,تهران، شمیرانات، ری، اسلامشهر و پردیس,https://majles.iran.liara.run/api/TrVotes/GetMemberImage/11121,f
11122,یعقوب رضازاده,,سلماس,https://majles.iran.liara.run/api/TrVotes/GetMemberImage/11122,f
11123,غلامحسین رضوانی,,تهران، شمیرانات، ری، اسلامشهر و پردیس,https://majles.iran.liara.run/api/TrVotes/GetMemberImage/11123,f
11124,سمیه رفیعی,,تهران، شمیرانات، ری، اسلامشهر و پردیس,https://majles.iran.liara.run/api/TrVotes/GetMemberImage/11124,f
11125,عبدالحسین روح الامینی نجف آبادی,,تهران، شمیرانات، ری، اسلامشهر و پردیس,https://majles.iran.liara.run/api/TrVotes/GetMemberImage/11125,f
11126,مهدی روشنفکر,,بویراحمد و دنا,https://majles.iran.liara.run/api/TrVotes/GetMemberImage/11126,f
11127,رحیم زارع,,آباده، بوانات، خرم بید و سرچهان,https://majles.iran.liara.run/api/TrVotes/GetMemberImage/11127,f
11128,منصورعلی زارعی کیاپی,,ساری و میاندورود,https://majles.iran.liara.run/api/TrVotes/GetMemberImage/11128,f
11130,محمدمهدی زاهدی,,کرمان و راور,https://majles.iran.liara.run/api/TrVotes/GetMemberImage/11130,f
11129,علی رضا زاکانی (مستعفی),,قم,https://majles.iran.liara.run/api/TrVotes/GetMemberImage/11129,f
11131,آرش زره تن لهونی,,اورامانات,https://majles.iran.liara.run/api/TrVotes/GetMemberImage/11131,f
11132,علی زنجانی حسنلوئی,,نقده و اشنویه,https://majles.iran.liara.run/api/TrVotes/GetMemberImage/11132,f
11283,علیرضا زندیان,,بیجار,https://majles.iran.liara.run/api/TrVotes/GetMemberImage/11283,f
11133,محسن زنگنه,,تربت حیدریه، مه ولات و زاوه,https://majles.iran.liara.run/api/TrVotes/GetMemberImage/11133,f
11134,سیدجواد ساداتی نژاد (مستعفی),,کاشان و آران بیدگل,https://majles.iran.liara.run/api/TrVotes/GetMemberImage/11134,f
11135,قاسم ساعدی,,دشت آزادگان و هویزه,https://majles.iran.liara.run/api/TrVotes/GetMemberImage/11135,f
11136,همایون سامه یح نجف آبادی,,کلیمیان,https://majles.iran.liara.run/api/TrVotes/GetMemberImage/11136,f
11137,محمد سبزی,,ساوه و زرندیه,https://majles.iran.liara.run/api/TrVotes/GetMemberImage/11137,f
11138,محمد سرگزی,,زابل، زهک، هیرمند، نیمروز و هامون,https://majles.iran.liara.run/api/TrVotes/GetMemberImage/11138,f
11139,کیومرث سرمدی واله,,اسدآباد,https://majles.iran.liara.run/api/TrVotes/GetMemberImage/11139,f
11140,مهدی سعادتی بیشه سری,,بابل,https://majles.iran.liara.run/api/TrVotes/GetMemberImage/11140,f
11141,معین الدین سعیدی,,چابهار، نیک شهر، کنارك و قصرقند,https://majles.iran.liara.run/api/TrVotes/GetMemberImage/11141,f
11284,اصغر سلیمی,,سمیرم,https://majles.iran.liara.run/api/TrVotes/GetMemberImage/11284,f
11142,علیرضا سلیمی,,محلات و دلیجان,https://majles.iran.liara.run/api/TrVotes/GetMemberImage/11142,f
11143,رمضانعلی سنگدوینی,,گرگان و آق‌قلا,https://majles.iran.liara.run/api/TrVotes/GetMemberImage/11143,f
11144,لطف اله سیاه کلی,,قزوین، آبیک و البرز,https://majles.iran.liara.run/api/TrVotes/GetMemberImage/11144,f
11145,امانقلیچ شادمهر,,گنبد کاووس,https://majles.iran.liara.run/api/TrVotes/GetMemberImage/11145,f
11147,آرا شاوردیان,,مسیحیان ارمنی شمال ایران,https://majles.iran.liara.run/api/TrVotes/GetMemberImage/11147,f
11146,اقبال شاکری,,تهران، شمیرانات، ری، اسلامشهر و پردیس,https://majles.iran.liara.run/api/TrVotes/GetMemberImage/11146,f
11148,حسن شجاعی علی آبادی,,ابهر،خرمدره و سلطانیه,https://majles.iran.liara.run/api/TrVotes/GetMemberImage/11148,f
11149,غلام رضا شریعتی اندراتی,,بهشهر، نکا و گلوگاه,https://majles.iran.liara.run/api/TrVotes/GetMemberImage/11149,f
11151,مالک شریعتی نیاسر,,تهران، شمیرانات، ری، اسلامشهر و پردیس,https://majles.iran.liara.run/api/TrVotes/GetMemberImage/11151,f
11150,عفت شریعتی کوهبنانی,,زرند و کوهبنان,https://majles.iran.liara.run/api/TrVotes/GetMemberImage/11150,f
11152,مهدی شریفیان,,تهران، شمیرانات، ری، اسلامشهر و پردیس,https://majles.iran.liara.run/api/TrVotes/GetMemberImage/11152,f
11154,علیرضا شهبازی,,نهاوند,https://majles.iran.liara.run/api/TrVotes/GetMemberImage/11154,f
11155,حسینعلی شهریاری,,زاهدان,https://majles.iran.liara.run/api/TrVotes/GetMemberImage/11155,f
11153,منصور شکرالهی,,کهنوج، منوجان، رودبارجنوب، قلعه گنج و فاریاب,https://majles.iran.liara.run/api/TrVotes/GetMemberImage/11153,f
11156,زهرا شیخی,,اصفهان,https://majles.iran.liara.run/api/TrVotes/GetMemberImage/11156,f
11157,مسلم صالحی,,اقلید,https://majles.iran.liara.run/api/TrVotes/GetMemberImage/11157,f
11158,پروین صالحی مبارکه,,مبارکه,https://majles.iran.liara.run/api/TrVotes/GetMemberImage/11158,f
11159,محمدرضا صباغیان بافقی,,مهریز، بافق، ابرکوه، خاتم و بهاباد,https://majles.iran.liara.run/api/TrVotes/GetMemberImage/11159,f
11160,محمد صفائی دلوئی,,مریوان و سروآباد,https://majles.iran.liara.run/api/TrVotes/GetMemberImage/11160,f
11161,محمد صفری ملک میان,,رودسر و املش,https://majles.iran.liara.run/api/TrVotes/GetMemberImage/11161,f
11162,مصطفی طاهری,,زنجان و طارم,https://majles.iran.liara.run/api/TrVotes/GetMemberImage/11162,f
11163,سیدصادق طباطبائی نژاد,,اردستان,https://majles.iran.liara.run/api/TrVotes/GetMemberImage/11163,f
11164,مهدی طغیانی,,اصفهان,https://majles.iran.liara.run/api/TrVotes/GetMemberImage/11164,f
11165,فرهاد طهماسبی,,نی ریز، استهبان و بختگان,https://majles.iran.liara.run/api/TrVotes/GetMemberImage/11165,f
11166,روح اله عباس پور,,بوئین زهرا و آوج,https://majles.iran.liara.run/api/TrVotes/GetMemberImage/11166,f
11168,محمود عباس زاده مشکینی,,مشگین‌شهر,https://majles.iran.liara.run/api/TrVotes/GetMemberImage/11168,f
11285,علیرضا عباسی,,کرج، اشتهارد و فردیس,https://majles.iran.liara.run/api/TrVotes/GetMemberImage/11285,f
11169,فریدون عباسی دوانی,,کازرون و کوه چنار,https://majles.iran.liara.run/api/TrVotes/GetMemberImage/11169,f
11170,ابراهیم عزیـــزی,,کرمانشاه,https://majles.iran.liara.run/api/TrVotes/GetMemberImage/11170,f
11286,ابراهیم عزیـــزی,,کرمانشاه,https://majles.iran.liara.run/api/TrVotes/GetMemberImage/11286,f
11172,مهدی عسگری,,کرج، اشتهارد و فردیس,https://majles.iran.liara.run/api/TrVotes/GetMemberImage/11172,f
11171,محمدجواد عسکری,,داراب و زرین دشت,https://majles.iran.liara.run/api/TrVotes/GetMemberImage/11171,f
11173,محمد علی پور,,ماکو، چالدران، پلدشت و شوط,https://majles.iran.liara.run/api/TrVotes/GetMemberImage/11173,f
11174,کمال علی پورخنکداری,,قائم شهر، سوادکوه، جویبار، سیمرغ و سوادکوه شمالی,https://majles.iran.liara.run/api/TrVotes/GetMemberImage/11174,f
11175,احمد علی رضابیگی,,تبریز، آذرشهر و اسکو,https://majles.iran.liara.run/api/TrVotes/GetMemberImage/11175,f
11176,علی علی زاده,,مراغه و عجب شیر,https://majles.iran.liara.run/api/TrVotes/GetMemberImage/11176,f
11287,بهزاد علیزاده,,دهلران، دره شهر، آبدانان و بدره,https://majles.iran.liara.run/api/TrVotes/GetMemberImage/11287,f
11177,محسن علیزاده,,سپیدان و بیضاء,https://majles.iran.liara.run/api/TrVotes/GetMemberImage/11177,f
11178,علی اکبر علیزاده برمی,,دامغان,https://majles.iran.liara.run/api/TrVotes/GetMemberImage/11178,f
11179,ابوالفضل عموئی,,تهران، شمیرانات، ری، اسلامشهر و پردیس,https://majles.iran.liara.run/api/TrVotes/GetMemberImage/11179,f
11180,علی اصغر عنابستانی,,سبزوار، جغتای، جوین، خوشاب و داورزن,https://majles.iran.liara.run/api/TrVotes/GetMemberImage/11180,f
11181,مهدی عیسی زاده,,میاندوآب,https://majles.iran.liara.run/api/TrVotes/GetMemberImage/11181,f
11182,موسی غضنفرآبادی,,بم، ریگان، فهرج و نرماشیر,https://majles.iran.liara.run/api/TrVotes/GetMemberImage/11182,f
11183,ملک فاضلی,,سراوان ، سیب، سوران و مهرستان,https://majles.iran.liara.run/api/TrVotes/GetMemberImage/11183,f
11184,محسن فتحی,,سنندج، دیواندره و کامیاران,https://majles.iran.liara.run/api/TrVotes/GetMemberImage/11184,f
11185,رسول فرخی میکال,,لاهیجان و سیاهکل,https://majles.iran.liara.run/api/TrVotes/GetMemberImage/11185,f
11186,ولی اله فرزانه,,نور و محمودآباد,https://majles.iran.liara.run/api/TrVotes/GetMemberImage/11186,f
11187,سیدمهدی فرشادان,,سنندج، دیواندره و کامیاران,https://majles.iran.liara.run/api/TrVotes/GetMemberImage/11187,f
11189,محمدحسین فرهنگی,,تبریز، آذرشهر و اسکو,https://majles.iran.liara.run/api/TrVotes/GetMemberImage/11189,f
11188,محمدمهدی فروردین,,فیروزآباد، فراشبند و قیرو کارزین,https://majles.iran.liara.run/api/TrVotes/GetMemberImage/11188,f
11190,احمدحسین فلاحی,,همدان و فامنین,https://majles.iran.liara.run/api/TrVotes/GetMemberImage/11190,f
11191,سارا فلاحی,,ایلام، ایوان، چرداول، مهران، ملکشاهی و شیروان,https://majles.iran.liara.run/api/TrVotes/GetMemberImage/11191,f
11192,حجت اله فیروزی,,فسا,https://majles.iran.liara.run/api/TrVotes/GetMemberImage/11192,f
11193,رحمت اله فیروزی پوربادی,,نطنز و بخش قمصر,https://majles.iran.liara.run/api/TrVotes/GetMemberImage/11193,f
11194,جعفر قادری,,شیراز و زرقان,https://majles.iran.liara.run/api/TrVotes/GetMemberImage/11194,f
11195,فاطمه قاسم پور,,تهران، شمیرانات، ری، اسلامشهر و پردیس,https://majles.iran.liara.run/api/TrVotes/GetMemberImage/11195,f
11196,شیوا قاسمی پور,,مریوان و سروآباد,https://majles.iran.liara.run/api/TrVotes/GetMemberImage/11196,f
11197,سیداحسان قاضی زاده هاشمی,,فریمان، سرخس، بخشهای احمد آباد و رضویه,https://majles.iran.liara.run/api/TrVotes/GetMemberImage/11197,f
11198,سیدامیرحسین قاضی زاده هاشمی (مستعفی),,مشهد و کلات,https://majles.iran.liara.run/api/TrVotes/GetMemberImage/11198,f
11199,محمدباقر قالیباف,,تهران، شمیرانات، ری، اسلامشهر و پردیس,https://majles.iran.liara.run/api/TrVotes/GetMemberImage/11199,f
11209,عباس گلرو,,سمنان، مهدیشهر و سرخه,https://majles.iran.liara.run/api/TrVotes/GetMemberImage/11209,f
11210,مهرداد گودرزوندچگینی,,رودبار,https://majles.iran.liara.run/api/TrVotes/GetMemberImage/11210,f
11211,حسین گودرزی,,دورود و ازنا,https://majles.iran.liara.run/api/TrVotes/GetMemberImage/11211,f
11212,عباس گودرزی,,بروجرد,https://majles.iran.liara.run/api/TrVotes/GetMemberImage/11212,f
11213,سهراب گیلانی,,شوشتر و گتوند,https://majles.iran.liara.run/api/TrVotes/GetMemberImage/11213,f
11214,زهره سادات لاجوردی,,تهران، شمیرانات، ری، اسلامشهر و پردیس,https://majles.iran.liara.run/api/TrVotes/GetMemberImage/11214,f
11215,حسن لطفی,,رزن و درگزین,https://majles.iran.liara.run/api/TrVotes/GetMemberImage/11215,f
11216,فداحسین مالکی,,زاهدان,https://majles.iran.liara.run/api/TrVotes/GetMemberImage/11216,f
11217,محمدرضا مبلغی,,کوهدشت و رومشکان,https://majles.iran.liara.run/api/TrVotes/GetMemberImage/11217,f
11218,روح اله متفکرآزاد,,تبریز، آذرشهر و اسکو,https://majles.iran.liara.run/api/TrVotes/GetMemberImage/11218,f
11219,ابراهیم متینیان,,رامهرمز و رامشیر,https://majles.iran.liara.run/api/TrVotes/GetMemberImage/11219,f
11220,بهروز محبی نجم آبادی,,سبزوار، جغتای، جوین، خوشاب و داورزن,https://majles.iran.liara.run/api/TrVotes/GetMemberImage/11220,f
11221,احمد محرم زاده یخفروزان,,اهر و هریس,https://majles.iran.liara.run/api/TrVotes/GetMemberImage/11221,f
11222,محمدعلی محسنی بندپی,,نوشهر، چالوس و کلاردشت,https://majles.iran.liara.run/api/TrVotes/GetMemberImage/11222,f
11223,سیدمجتبی محفوظی,,آبادان,https://majles.iran.liara.run/api/TrVotes/GetMemberImage/11223,f
11224,فاطمه محمدبیگی,,قزوین، آبیک و البرز,https://majles.iran.liara.run/api/TrVotes/GetMemberImage/11224,f
11225,حسین محمدصالحی دارانی,,فریدن، چادگان، فریدونشهر، بوئین و میاندشت,https://majles.iran.liara.run/api/TrVotes/GetMemberImage/11225,f
11226,پرویز محمدنژادقاضی محله,,لنگرود,https://majles.iran.liara.run/api/TrVotes/GetMemberImage/11226,f
11227,صمداله محمدی,,بافت، رابر و ارزوئیه,https://majles.iran.liara.run/api/TrVotes/GetMemberImage/11227,f
11228,حسن محمدیاری,,طوالش، رضوانشهر و ماسال,https://majles.iran.liara.run/api/TrVotes/GetMemberImage/11228,f
11229,جلال محمودزاده,,مهاباد,https://majles.iran.liara.run/api/TrVotes/GetMemberImage/11229,f
11230,مرتضی محمودوند,,خرم‌آباد و چگنی,https://majles.iran.liara.run/api/TrVotes/GetMemberImage/11230,f
11231,سمیه محمودی,,شهرضا و دهاقان,https://majles.iran.liara.run/api/TrVotes/GetMemberImage/11231,f
11232,جلیل مختار,,آبادان,https://majles.iran.liara.run/api/TrVotes/GetMemberImage/11232,f
11233,احمد مرادی,,بندرعباس، قشم، ابوموسی،حاجی‌آباد و خمیر,https://majles.iran.liara.run/api/TrVotes/GetMemberImage/11233,f
11234,کیوان مرادیان کوچکسرائی,,قائم شهر، سوادکوه، جویبار، سیمرغ و سوادکوه شمالی,https://majles.iran.liara.run/api/TrVotes/GetMemberImage/11234,f
11235,غلامرضا مرحباء,,آستارا,https://majles.iran.liara.run/api/TrVotes/GetMemberImage/11235,f
11236,عبدالرضا مصری,,کرمانشاه,https://majles.iran.liara.run/api/TrVotes/GetMemberImage/11236,f
11237,اردشیر مطهری,,گرمسار و آرادان,https://majles.iran.liara.run/api/TrVotes/GetMemberImage/11237,f
11238,محمدطلا مظلومی آبزرگه,,بهبهان و آغاجاری,https://majles.iran.liara.run/api/TrVotes/GetMemberImage/11238,f
11239,محمدمهدی مفتح,,تویسرکان,https://majles.iran.liara.run/api/TrVotes/GetMemberImage/11239,f
11240,عباس مقتدای خوراسگانی,,اصفهان,https://majles.iran.liara.run/api/TrVotes/GetMemberImage/11240,f
11241,فاطمه مقصودی,,بروجرد,https://majles.iran.liara.run/api/TrVotes/GetMemberImage/11241,f
11242,علیرضا منادی سفیدان,,تبریز، آذرشهر و اسکو,https://majles.iran.liara.run/api/TrVotes/GetMemberImage/11242,f
11243,غلامرضا منتظری,,گرگان و آق‌قلا,https://majles.iran.liara.run/api/TrVotes/GetMemberImage/11243,f
11244,سیدمحمد موحد,,کهکیلویه، بهمنی، چرام و لنده,https://majles.iran.liara.run/api/TrVotes/GetMemberImage/11244,f
11245,سیدعلی موسوی,,ملکان,https://majles.iran.liara.run/api/TrVotes/GetMemberImage/11245,f
11247,سیدموسی موسوی,,لامرد و مهر,https://majles.iran.liara.run/api/TrVotes/GetMemberImage/11247,f
11248,سیدنظام الدین موسوی,,تهران، شمیرانات، ری، اسلامشهر و پردیس,https://majles.iran.liara.run/api/TrVotes/GetMemberImage/11248,f
11246,سیدکاظم موسوی,,اردبیل، نمین، نیر و سرعین,https://majles.iran.liara.run/api/TrVotes/GetMemberImage/11246,f
11249,سیدناصر موسوی لارگانی,,فلاورجان,https://majles.iran.liara.run/api/TrVotes/GetMemberImage/11249,f
11250,سیدمحمد مولوی,,آبادان,https://majles.iran.liara.run/api/TrVotes/GetMemberImage/11250,f
11251,سیدمحمدرضا میرتاج الدینی,,تبریز، آذرشهر و اسکو,https://majles.iran.liara.run/api/TrVotes/GetMemberImage/11251,f
11252,حسین میرزائی,,اصفهان,https://majles.iran.liara.run/api/TrVotes/GetMemberImage/11252,f
11253,سیدجلیل میرمحمدی میبدی,,تفت و میبد,https://majles.iran.liara.run/api/TrVotes/GetMemberImage/11253,f
11254,الیاس نادران,,تهران، شمیرانات، ری، اسلامشهر و پردیس,https://majles.iran.liara.run/api/TrVotes/GetMemberImage/11254,f
11255,احمد نادری,,تهران، شمیرانات، ری، اسلامشهر و پردیس,https://majles.iran.liara.run/api/TrVotes/GetMemberImage/11255,f
11256,مجید ناصری نژاد,,شادگان,https://majles.iran.liara.run/api/TrVotes/GetMemberImage/11256,f
11257,سیدمحمود نبویان,,تهران، شمیرانات، ری، اسلامشهر و پردیس,https://majles.iran.liara.run/api/TrVotes/GetMemberImage/11257,f
11258,روح اله نجابت,,شیراز و زرقان,https://majles.iran.liara.run/api/TrVotes/GetMemberImage/11258,f
11259,عادل نجف زاده,,خوی و چایپاره,https://majles.iran.liara.run/api/TrVotes/GetMemberImage/11259,f
11293,ابراهیم نجفی آستانه‌اشرفیه,,آستانه اشرفیه,https://majles.iran.liara.run/api/TrVotes/GetMemberImage/11293,f
11260,مصطفی نخعی,,نهبندان و سربیشه,https://majles.iran.liara.run/api/TrVotes/GetMemberImage/11260,f
11261,مجید نصیرائی,,فردوس، سرایان، طبس و بشرویه,https://majles.iran.liara.run/api/TrVotes/GetMemberImage/11261,f
11262,علیرضا نظری,,خمین,https://majles.iran.liara.run/api/TrVotes/GetMemberImage/11262,f
11263,سیدغنی نظری خانقاه,,خلخال و کوثر,https://majles.iran.liara.run/api/TrVotes/GetMemberImage/11263,f
11264,محمدتقی نقدعلی,,خمینی شهر,https://majles.iran.liara.run/api/TrVotes/GetMemberImage/11264,f
11265,بیژن نوباوه وطن,,تهران، شمیرانات، ری، اسلامشهر و پردیس,https://majles.iran.liara.run/api/TrVotes/GetMemberImage/11265,f
11266,حسن نوروزی,,رباط کریم و بهارستان,https://majles.iran.liara.run/api/TrVotes/GetMemberImage/11266,f
11267,رحمت اله نوروزی,,علی آباد,https://majles.iran.liara.run/api/TrVotes/GetMemberImage/11267,f
11268,غلامرضا نوری قزلجه,,بستان آباد,https://majles.iran.liara.run/api/TrVotes/GetMemberImage/11268,f
11269,حسین نوش آبادی,,تهران، شمیرانات، ری، اسلامشهر و پردیس,https://majles.iran.liara.run/api/TrVotes/GetMemberImage/11269,f
11270,جواد نیک بین,,کاشمر، بردسکن و خلیل‌آباد,https://majles.iran.liara.run/api/TrVotes/GetMemberImage/11270,f
11271,علی نیک زادثمرین,,اردبیل، نمین، نیر و سرعین,https://majles.iran.liara.run/api/TrVotes/GetMemberImage/11271,f
11275,حسن همتی,,شاهین دژ و تکاب,https://majles.iran.liara.run/api/TrVotes/GetMemberImage/11275,f
11272,محمد وحیدی,,بجنورد، مانه، سملقان، جاجرم، گرمه، راز و جرگلان,https://majles.iran.liara.run/api/TrVotes/GetMemberImage/11272,f
11273,علیرضا ورناصری قندعلی,,مسجدسلیمان، لالی، هفتگل و اندیکا,https://majles.iran.liara.run/api/TrVotes/GetMemberImage/11273,f
11274,مهرداد ویس کرمی,,خرم‌آباد و چگنی,https://majles.iran.liara.run/api/TrVotes/GetMemberImage/11274,f
11200,سیدحمیدرضا کاظمی,,پلدختر,https://majles.iran.liara.run/api/TrVotes/GetMemberImage/11200,f
11201,غلامحسین کرمی,,دشتی و تنگستان,https://majles.iran.liara.run/api/TrVotes/GetMemberImage/11201,f
11202,علی اکبر کریمی,,اراک، کمیجان و خنداب,https://majles.iran.liara.run/api/TrVotes/GetMemberImage/11202,f
11203,علی کریمی فیروزجائی,,بابل,https://majles.iran.liara.run/api/TrVotes/GetMemberImage/11203,f
11204,جواد کریمی قدوسی,,مشهد و کلات,https://majles.iran.liara.run/api/TrVotes/GetMemberImage/11204,f
11205,محمد کعب عمیر,,شوش,https://majles.iran.liara.run/api/TrVotes/GetMemberImage/11205,f
11292,اسماعیل کوثری,,تهران، ری، شمیرانات و اسلامشهر,https://majles.iran.liara.run/api/TrVotes/GetMemberImage/11292,f
11207,جبار کوچکی نژادارم ساداتی,,رشت,https://majles.iran.liara.run/api/TrVotes/GetMemberImage/11207,f
11208,غلامعلی کوهساری,,رامیان و آزادشهر,https://majles.iran.liara.run/api/TrVotes/GetMemberImage/11208,f
11276,سیدعلی یزدی خواه,,تهران، شمیرانات، ری، اسلامشهر و پردیس,https://majles.iran.liara.run/api/TrVotes/GetMemberImage/11276,f
11277,مجتبی یوسفی,,اهواز، باوی، حمیدیه و کارون,https://majles.iran.liara.run/api/TrVotes/GetMemberImage/11277,f