MemId,Name,Family,Region,ImageUrl,IsClarified,EditTime
11001,علی آذری,,قوچان و فاروج,https://majles.iran.liara.run/api/TrVotes/GetMemberImage/11001,False,2023-11-05T16:46:56.009082
11002,منصور آرامی,,بندرعباس، قشم، ابوموسی،حاجی‌آباد و خمیر,https://majles.iran.liara.run/api/TrVotes/GetMemberImage/11002,False,2023-11-05T16:46:56.009082
11003,رضا آریان پور,,مینودشت، کلاله، گالیکش و مراوه‌تپه,https://majles.iran.liara.run/api/TrVotes/GetMemberImage/11003,False,2023-11-05T16:46:56.009082
11004,الهام آزاد,,نائین، خور و بیابانک,https://majles.iran.liara.run/api/TrVotes/GetMemberImage/11004,False,2023-11-05T16:46:56.009082
11005,احد آزادی خواه,,ملایر,https://majles.iran.liara.run/api/TrVotes/GetMemberImage/11005,False,2023-11-05T16:46:56.009082
11006,محمد آشوری تازیانی,,بندرعباس، قشم، ابوموسی،حاجی‌آباد و خمیر,https://majles.iran.liara.run/api/TrVotes/GetMemberImage/11006,False,2023-11-05T16:46:56.009082
11007,محمدحسن آصفری,,اراک، کمیجان و خنداب,https://majles.iran.liara.run/api/TrVotes/GetMemberImage/11007,False,2023-11-05T16:46:56.009082
11010,مرتضی آقاتهرانی,,تهران، شمیرانات، ری، اسلامشهر و پردیس,https://majles.iran.liara.run/api/TrVotes/GetMemberImage/11010,False,2023-11-05T16:46:56.009082
11008,حبیب آقاجری,,بندرماهشهر، امیدیه، هندیجان و بخش جولکی,https://majles.iran.liara.run/api/TrVotes/GetMemberImage/11008,False,2023-11-05T16:46:56.009082
11009,سیدعلی آقازاده دافساری,,رشت,https://majles.iran.liara.run/api/TrVotes/GetMemberImage/11009,False,2023-11-05T16:46:56.009082
11011,سیدمصطفی آقامیرسلیم,,تهران، شمیرانات، ری، اسلامشهر و پردیس,https://majles.iran.liara.run/api/TrVotes/GetMemberImage/11011,False,2023-11-05T16:46:56.009082
11012,سیداحمد آوائی,,دزفول,https://majles.iran.liara.run/api/TrVotes/GetMemberImage/11012,False,2023-11-05T16:46:56.009082
11013,یحیی ابراهیمی,,دلفان و سلسله,https://majles.iran.liara.run/api/TrVotes/GetMemberImage/11013,False,2023-11-05T16:46:56.009082
11014,ابوالفضل ابوترابی,,نجف‌آباد، تیران و کرون,https://majles.iran.liara.run/api/TrVotes/GetMemberImage/11014,False,2023-11-05T16:46:56.009082
11015,اکبر احمدپور,,خواف و رشتخوار,https://majles.iran.liara.run/api/TrVotes/GetMemberImage/11015,False,2023-11-05T16:46:56.009082
11016,سیدلفته احمدنژاد,,خرمشهر,https://majles.iran.liara.run/api/TrVotes/GetMemberImage/11016,False,2023-11-05T16:46:56.009082
11017,محمدرضا احمدی,,رشت,https://majles.iran.liara.run/api/TrVotes/GetMemberImage/11017,False,2023-11-05T16:46:56.009082
11018,موسی احمدی,,کنگان، دیر، جم و عسلویه,https://majles.iran.liara.run/api/TrVotes/GetMemberImage/11018,False,2023-11-05T16:46:56.009082
11019,محمود احمدی بیغش,,شازند,https://majles.iran.liara.run/api/TrVotes/GetMemberImage/11019,False,2023-11-05T16:46:56.009082
11020,اسفندیار اختیاری کسنویه یزد,,زرتشتیان,https://majles.iran.liara.run/api/TrVotes/GetMemberImage/11020,False,2023-11-05T16:46:56.009082
11021,احسان ارکانی,,نیشابور و فیروزه,https://majles.iran.liara.run/api/TrVotes/GetMemberImage/11021,False,2023-11-05T16:46:56.009082
11022,سلمان اسحاقی,,قائنات و زیرکوه,https://majles.iran.liara.run/api/TrVotes/GetMemberImage/11022,False,2023-11-05T16:46:56.009082
11023,مهدی اسماعیلی,,میانه,https://majles.iran.liara.run/api/TrVotes/GetMemberImage/11023,False,2023-11-05T16:46:56.009082
11024,ولی اسماعیلی,,گرمی و انگوت,https://majles.iran.liara.run/api/TrVotes/GetMemberImage/11024,False,2023-11-05T16:46:56.009082
11025,ذبیح الله اعظمی ساردوئی,,جیرفت و عنبرآباد,https://majles.iran.liara.run/api/TrVotes/GetMemberImage/11025,False,2023-11-05T16:46:56.009082
11027,زهره الهیان,,تهران، شمیرانات، ری، اسلامشهر و پردیس,https://majles.iran.liara.run/api/TrVotes/GetMemberImage/11027,False,2023-11-05T16:46:56.009082
11167,حسین امامی راد,,چناران و بینالود,https://majles.iran.liara.run/api/TrVotes/GetMemberImage/11167,False,2023-11-05T16:46:56.009082
11028,احمد امیرآبادی فراهانی,,قم,https://majles.iran.liara.run/api/TrVotes/GetMemberImage/11028,False,2023-11-05T16:46:56.009082
11029,سیدحمزه امینی,,هشترود و چاراویماق,https://majles.iran.liara.run/api/TrVotes/GetMemberImage/11029,False,2023-11-05T16:46:56.009082
11030,مجید انصاری,,ممسنی و رستم,https://majles.iran.liara.run/api/TrVotes/GetMemberImage/11030,False,2023-11-05T16:46:56.009082
11031,شارلی انویه تکیه,,مسیحیان آشوری و کلدانی,https://majles.iran.liara.run/api/TrVotes/GetMemberImage/11031,False,2023-11-05T16:46:56.009082
11032,پرویز اوسطی,,قروه و دهگلان,https://majles.iran.liara.run/api/TrVotes/GetMemberImage/11032,False,2023-11-05T16:46:56.009082
11026,عزت‌اله اکبری تالارپشتی,,تهران، شمیرانات، ری، اسلامشهر و پردیس,https://majles.iran.liara.run/api/TrVotes/GetMemberImage/11026,False,2023-11-05T16:46:56.009082
11278,عبدالجلال ایری,,کردکوی، ترکمن، بندرگز و گمیشان,https://majles.iran.liara.run/api/TrVotes/GetMemberImage/11278,False,2023-11-05T16:46:56.009082
11033,عبداله ایزدپناه,,ایذه، باغملک، دزپارت و صیدون,https://majles.iran.liara.run/api/TrVotes/GetMemberImage/11033,False,2023-11-05T16:46:56.009082
11034,روح اله ایزدخواه,,تهران، شمیرانات، ری، اسلامشهر و پردیس,https://majles.iran.liara.run/api/TrVotes/GetMemberImage/11034,False,2023-11-05T16:46:56.009082
11035,علی بابائی کارنامی,,ساری و میاندورود,https://majles.iran.liara.run/api/TrVotes/GetMemberImage/11035,False,2023-11-05T16:46:56.009082
11036,علی اصغر باقرزاده,,بابلسر و فریدونکنار,https://majles.iran.liara.run/api/TrVotes/GetMemberImage/11036,False,2023-11-05T16:46:56.009082
11037,محمد باقری,,بناب,https://majles.iran.liara.run/api/TrVotes/GetMemberImage/11037,False,2023-11-05T16:46:56.009082
11279,مهدی باقری,,زنجان و طارم,https://majles.iran.liara.run/api/TrVotes/GetMemberImage/11279,False,2023-11-05T16:46:56.009082
11038,حسین بامیری,,لردگان و خانمیرزا,https://majles.iran.liara.run/api/TrVotes/GetMemberImage/11038,False,2023-11-05T16:46:56.009082
11039,امیرحسین بانکی پورفرد,,اصفهان,https://majles.iran.liara.run/api/TrVotes/GetMemberImage/11039,False,2023-11-05T16:46:56.009082
11280,مجتبی بخشی پور,,اسلام آباد غرب و دالاهو,https://majles.iran.liara.run/api/TrVotes/GetMemberImage/11280,False,2023-11-05T16:46:56.009082
11040,صدیف بدری,,اردبیل، نمین، نیر و سرعین,https://majles.iran.liara.run/api/TrVotes/GetMemberImage/11040,False,2023-11-05T16:46:56.009082
11041,علی اکبر بسطامی,,ایلام، ایوان، چرداول، مهران، ملکشاهی و شیروان,https://majles.iran.liara.run/api/TrVotes/GetMemberImage/11041,False,2023-11-05T16:46:56.009082
11042,فرهاد بشیری,,پاکدشت,https://majles.iran.liara.run/api/TrVotes/GetMemberImage/11042,False,2023-11-05T16:46:56.009082
11043,روبرت بگلریان,,مسیحیان ارمنی جنوب ایران,https://majles.iran.liara.run/api/TrVotes/GetMemberImage/11043,False,2023-11-05T16:46:56.009082
11044,خلیل بهروزی فر,,فومن و شفت,https://majles.iran.liara.run/api/TrVotes/GetMemberImage/11044,False,2023-11-05T16:46:56.009082
11288,ولی‌اله بیاتی تفرش,,تفرش، آشتیان و فراهان,https://majles.iran.liara.run/api/TrVotes/GetMemberImage/11288,False,2023-11-05T16:46:56.009082
11045,هادی بیگی نژاد,,ملایر,https://majles.iran.liara.run/api/TrVotes/GetMemberImage/11045,False,2023-11-05T16:46:56.009082
11046,معصومه پاشائی بهرام,,مرند و جلفا,https://majles.iran.liara.run/api/TrVotes/GetMemberImage/11046,False,2023-11-05T16:46:56.009082
11047,علیرضا پاک فطرت,,شیراز و زرقان,https://majles.iran.liara.run/api/TrVotes/GetMemberImage/11047,False,2023-11-05T16:46:56.009082
11048,سیدمحمد پاک مهر,,بجنورد، مانه، سملقان، جاجرم، گرمه، راز و جرگلان,https://majles.iran.liara.run/api/TrVotes/GetMemberImage/11048,False,2023-11-05T16:46:56.009082
11049,مسعود پزشکیان,,تبریز، آذرشهر و اسکو,https://majles.iran.liara.run/api/TrVotes/GetMemberImage/11049,False,2023-11-05T16:46:56.009082
11050,نصرالله پژمان‌فر,,مشهد و کلات,https://majles.iran.liara.run/api/TrVotes/GetMemberImage/11050,False,2023-11-05T16:46:56.009082
11051,محمدرضا پورابراهیمی داورانی,,کرمان و راور,https://majles.iran.liara.run/api/TrVotes/GetMemberImage/11051,False,2023-11-05T16:46:56.009082
11052,محسن پیرهادی,,تهران، شمیرانات، ری، اسلامشهر و پردیس,https://majles.iran.liara.run/api/TrVotes/GetMemberImage/11052,False,2023-11-05T16:46:56.009082
11054,سیدرضا تقوی,,تهران، شمیرانات، ری، اسلامشهر و پردیس,https://majles.iran.liara.run/api/TrVotes/GetMemberImage/11054,False,2023-11-05T16:46:56.009082
11055,رضا تقی پورانوری,,تهران، شمیرانات، ری، اسلامشهر و پردیس,https://majles.iran.liara.run/api/TrVotes/GetMemberImage/11055,False,2023-11-05T16:46:56.009082
11056,مجتبی توانگر,,تهران، شمیرانات، ری، اسلامشهر و پردیس,https://majles.iran.liara.run/api/TrVotes/GetMemberImage/11056,False,2023-11-05T16:46:56.009082
11289,فتح‌الله توسلی,,بهار، کبودرآهنگ,https://majles.iran.liara.run/api/TrVotes/GetMemberImage/11289,False,2023-11-05T16:46:56.009082
11057,احمد جباری,,بندرلنگه، بستک و پارسیان,https://majles.iran.liara.run/api/TrVotes/GetMemberImage/11057,False,2023-11-05T16:46:56.009082
11058,علی جدی,,شیروان,https://majles.iran.liara.run/api/TrVotes/GetMemberImage/11058,False,2023-11-05T16:46:56.009082
11060,امیرقلی جعفری بروجنی,,بروجن,https://majles.iran.liara.run/api/TrVotes/GetMemberImage/11060,False,2023-11-05T16:46:56.009082
11061,وحید جلال زاده,,ارومیه,https://majles.iran.liara.run/api/TrVotes/GetMemberImage/11061,False,2023-11-05T16:46:56.009082
11062,حسین جلالی,,رفسنجان و انار,https://majles.iran.liara.run/api/TrVotes/GetMemberImage/11062,False,2023-11-05T16:46:56.009082
11063,عبدالکریم جمیری,,بوشهر، گناوه و دیلم,https://majles.iran.liara.run/api/TrVotes/GetMemberImage/11063,False,2023-11-05T16:46:56.009082
11065,عباس جهانگیرزاده,,پارس آباد و بیله سوار,https://majles.iran.liara.run/api/TrVotes/GetMemberImage/11065,False,2023-11-05T16:46:56.009082
11064,محمدصالح جوکار,,یزد، اشکذر،بخش ندوشن و دهستان سورک,https://majles.iran.liara.run/api/TrVotes/GetMemberImage/11064,False,2023-11-05T16:46:56.009082
11281,شبیب جویجری,,اهواز، باوی، حمیدیه و کارون,https://majles.iran.liara.run/api/TrVotes/GetMemberImage/11281,False,2023-11-05T16:46:56.009082
11066,هاجر چنارانی,,نیشابور و فیروزه,https://majles.iran.liara.run/api/TrVotes/GetMemberImage/11066,False,2023-11-05T16:46:56.009082
11067,حسین حاتمی,,کلیبر، خداآفرین و هوراند,https://majles.iran.liara.run/api/TrVotes/GetMemberImage/11067,False,2023-11-05T16:46:56.009082
11068,حمیدرضا حاجی بابائی,,همدان و فامنین,https://majles.iran.liara.run/api/TrVotes/GetMemberImage/11068,False,2023-11-05T16:46:56.009082
11069,رضا حاجی پور,,آمل,https://majles.iran.liara.run/api/TrVotes/GetMemberImage/11069,False,2023-11-05T16:46:56.009082
11070,حسینعلی حاجی دلیگانی,,شاهین شهر، میمه و برخوار,https://majles.iran.liara.run/api/TrVotes/GetMemberImage/11070,False,2023-11-05T16:46:56.009082
11071,انور حبیب زاده بوکانی,,بوکان,https://majles.iran.liara.run/api/TrVotes/GetMemberImage/11071,False,2023-11-05T16:46:56.009082
11072,علی حدادی,,ساوجبلاغ، نظرآباد و طالقان,https://majles.iran.liara.run/api/TrVotes/GetMemberImage/11072,False,2023-11-05T16:46:56.009082
11073,شهباز حسن پوربیگلری,,سیرجان و بردسیر,https://majles.iran.liara.run/api/TrVotes/GetMemberImage/11073,False,2023-11-05T16:46:56.009082
11074,فریدون حسنوند,,اندیمشک,https://majles.iran.liara.run/api/TrVotes/GetMemberImage/11074,False,2023-11-05T16:46:56.009082
11075,امان اله حسین پور,,اسفراین,https://majles.iran.liara.run/api/TrVotes/GetMemberImage/11075,False,2023-11-05T16:46:56.009082
11076,کمال حسین پور,,پیرانشهر و سردشت,https://majles.iran.liara.run/api/TrVotes/GetMemberImage/11076,False,2023-11-05T16:46:56.009082
11077,حسین حسین زاده,,لارستان، خنج، گراش و اوز,https://majles.iran.liara.run/api/TrVotes/GetMemberImage/11077,False,2023-11-05T16:46:56.009082
11078,محمدحسین حسین زاده بحرینی,,مشهد و کلات,https://majles.iran.liara.run/api/TrVotes/GetMemberImage/11078,False,2023-11-05T16:46:56.009082
11079,اسماعیل حسین زهی,,خاش، میرجاوه، کورین و نصرت آباد,https://majles.iran.liara.run/api/TrVotes/GetMemberImage/11079,False,2023-11-05T16:46:56.009082
11080,سیدالبرز حسینی,,خدابنده,https://majles.iran.liara.run/api/TrVotes/GetMemberImage/11080,False,2023-11-05T16:46:56.009082
11081,سیدشمس الدین حسینی,,تنکابن، رامسر و عباس آباد,https://majles.iran.liara.run/api/TrVotes/GetMemberImage/11081,False,2023-11-05T16:46:56.009082
11082,سیدکریم حسینی,,اهواز، باوی، حمیدیه و کارون,https://majles.iran.liara.run/api/TrVotes/GetMemberImage/11082,False,2023-11-05T16:46:56.009082
11290,سیدمرتضی حسینی میانه,,میانه,https://majles.iran.liara.run/api/TrVotes/GetMemberImage/11290,False,2023-11-05T16:46:56.009082
11083,سیدجواد حسینی کیا,,سنقر و کلیایی,https://majles.iran.liara.run/api/TrVotes/GetMemberImage/11083,False,2023-11-05T16:46:56.009082
11291,سیدناصر حسینی‌پور گچساران,,گچساران و باشت,https://majles.iran.liara.run/api/TrVotes/GetMemberImage/11291,False,2023-11-05T16:46:56.009082
11084,روح الله حضرت پورطلاتپه,,ارومیه,https://majles.iran.liara.run/api/TrVotes/GetMemberImage/11084,False,2023-11-05T16:46:56.009082
11085,حسین حق وردی,,شهریار، قدس و ملارد,https://majles.iran.liara.run/api/TrVotes/GetMemberImage/11085,False,2023-11-05T16:46:56.009082
11086,قدرت الله حمزه شلمزاری,,اردل، فارسان، کوهرنگ و کیار,https://majles.iran.liara.run/api/TrVotes/GetMemberImage/11086,False,2023-11-05T16:46:56.009082
11087,شهریار حیدری,,قصرشیرین، سرپل ذهاب و گیلانغرب,https://majles.iran.liara.run/api/TrVotes/GetMemberImage/11087,False,2023-11-05T16:46:56.009082
11089,سید مسعود خاتمی,,گلپایگان و خوانسار,https://majles.iran.liara.run/api/TrVotes/GetMemberImage/11089,False,2023-11-05T16:46:56.009082
11088,سیدمرتضی خاتمی,,ماهنشان و ایجرود,https://majles.iran.liara.run/api/TrVotes/GetMemberImage/11088,False,2023-11-05T16:46:56.009082
11090,سیداحسان خاندوزی (مستعفی),,تهران، شمیرانات، ری، اسلامشهر و پردیس,https://majles.iran.liara.run/api/TrVotes/GetMemberImage/11090,False,2023-11-05T16:46:56.009082
11091,علی اصغر خانی,,شاهرود و میامی,https://majles.iran.liara.run/api/TrVotes/GetMemberImage/11091,False,2023-11-05T16:46:56.009082
11092,محمد خدابخشی,,الیگودرز,https://majles.iran.liara.run/api/TrVotes/GetMemberImage/11092,False,2023-11-05T16:46:56.009082
11093,حسین خسروی اسفزار,,بیرجند، درمیان و خوسف,https://majles.iran.liara.run/api/TrVotes/GetMemberImage/11093,False,2023-11-05T16:46:56.009082
11094,علی خضریان,,تهران، شمیرانات، ری، اسلامشهر و پردیس,https://majles.iran.liara.run/api/TrVotes/GetMemberImage/11094,False,2023-11-05T16:46:56.009082
11095,یوسف داودی,,سراب,https://majles.iran.liara.run/api/TrVotes/GetMemberImage/11095,False,2023-11-05T16:46:56.009082
11096,عبدالناصر درخشان,,ایرانشهر،سرباز، دلگان، فنوج ، بمپور، بخشهاي بنت، لاشار، آشار و آهوران,https://majles.iran.liara.run/api/TrVotes/GetMemberImage/11096,False,2023-11-05T16:46:56.009082
11097,محمدرضا دشتی اردکانی,,اردکان,https://majles.iran.liara.run/api/TrVotes/GetMemberImage/11097,False,2023-11-05T16:46:56.009082
11098,سیدکاظم دلخوش اباتری,,صومعه‌سرا,https://majles.iran.liara.run/api/TrVotes/GetMemberImage/11098,False,2023-11-05T16:46:56.009082
11099,احمد دنیامالی,,بندرانزلی,https://majles.iran.liara.run/api/TrVotes/GetMemberImage/11099,False,2023-11-05T16:46:56.009082
11100,الهویردی دهقانی,,ورزقان,https://majles.iran.liara.run/api/TrVotes/GetMemberImage/11100,False,2023-11-05T16:46:56.009082
11101,حبیب الله دهمرده,,زابل، زهک، هیرمند، نیمروز و هامون,https://majles.iran.liara.run/api/TrVotes/GetMemberImage/11101,False,2023-11-05T16:46:56.009082
11102,سیدمحسن دهنوی,,تهران، شمیرانات، ری، اسلامشهر و پردیس,https://majles.iran.liara.run/api/TrVotes/GetMemberImage/11102,False,2023-11-05T16:46:56.009082
11103,سیدسلمان ذاکر,,ارومیه,https://majles.iran.liara.run/api/TrVotes/GetMemberImage/11103,False,2023-11-05T16:46:56.009082
11104,مجتبی ذوالنوری,,قم,https://majles.iran.liara.run/api/TrVotes/GetMemberImage/11104,False,2023-11-05T16:46:56.009082
11105,حسین رئیسی,,میناب، رودان، جاسک، سیریک و بشاگرد,https://majles.iran.liara.run/api/TrVotes/GetMemberImage/11105,False,2023-11-05T16:46:56.009082
11106,جعفر راستی,,شبستر,https://majles.iran.liara.run/api/TrVotes/GetMemberImage/11106,False,2023-11-05T16:46:56.009082
11107,احمد راستینه هفشجانی,,شهرکرد، بن و سامان,https://majles.iran.liara.run/api/TrVotes/GetMemberImage/11107,False,2023-11-05T16:46:56.009082
11282,حسین رجایی,,لنجان,https://majles.iran.liara.run/api/TrVotes/GetMemberImage/11282,False,2023-11-05T16:46:56.009082
11108,رجب رحمانی,,تاکستان,https://majles.iran.liara.run/api/TrVotes/GetMemberImage/11108,False,2023-11-05T16:46:56.009082
11109,فاطمه رحمانی,,مشهد و کلات,https://majles.iran.liara.run/api/TrVotes/GetMemberImage/11109,False,2023-11-05T16:46:56.009082
11110,بهزاد رحیمی,,سقز و بانه,https://majles.iran.liara.run/api/TrVotes/GetMemberImage/11110,False,2023-11-05T16:46:56.009082
11111,جلیل رحیمی جهان آبادی,,تربت‌جام، تایباد، باخرز و صالح آباد,https://majles.iran.liara.run/api/TrVotes/GetMemberImage/11111,False,2023-11-05T16:46:56.009082
11112,عبدالعلی رحیمی مظفری,,سروستان، کوار و خرامه,https://majles.iran.liara.run/api/TrVotes/GetMemberImage/11112,False,2023-11-05T16:46:56.009082
11113,حسن رزمیان مقدم,,درگز,https://majles.iran.liara.run/api/TrVotes/GetMemberImage/11113,False,2023-11-05T16:46:56.009082
11114,سیداحمد رسولی نژاد,,دماوند و فیروزکوه,https://majles.iran.liara.run/api/TrVotes/GetMemberImage/11114,False,2023-11-05T16:46:56.009082
11115,محمد رشیدی,,کرمانشاه,https://majles.iran.liara.run/api/TrVotes/GetMemberImage/11115,False,2023-11-05T16:46:56.009082
11116,جلال رشیدی کوچی,,مرودشت، پاسارگاد و ارسنجان,https://majles.iran.liara.run/api/TrVotes/GetMemberImage/11116,False,2023-11-05T16:46:56.009082
11117,ابراهیم رضائی,,دشتستان,https://majles.iran.liara.run/api/TrVotes/GetMemberImage/11117,False,2023-11-05T16:46:56.009082
11118,علی رضائی,,کنگاور، صحنه و هرسین,https://majles.iran.liara.run/api/TrVotes/GetMemberImage/11118,False,2023-11-05T16:46:56.009082
11119,محمدرضا رضائی کوچی,,جهرم و خفر,https://majles.iran.liara.run/api/TrVotes/GetMemberImage/11119,False,2023-11-05T16:46:56.009082
11120,مصطفی رضاحسینی قطب آبادی,,شهر بابک,https://majles.iran.liara.run/api/TrVotes/GetMemberImage/11120,False,2023-11-05T16:46:56.009082
11121,مجتبی رضاخواه,,تهران، شمیرانات، ری، اسلامشهر و پردیس,https://majles.iran.liara.run/api/TrVotes/GetMemberImage/11121,False,2023-11-05T16:46:56.009082
11122,یعقوب رضازاده,,سلماس,https://majles.iran.liara.run/api/TrVotes/GetMemberImage/11122,False,2023-11-05T16:46:56.009082
11123,غلامحسین رضوانی,,تهران، شمیرانات، ری، اسلامشهر و پردیس,https://majles.iran.liara.run/api/TrVotes/GetMemberImage/11123,False,2023-11-05T16:46:56.009082
11124,سمیه رفیعی,,تهران، شمیرانات، ری، اسلامشهر و پردیس,https://majles.iran.liara.run/api/TrVotes/GetMemberImage/11124,False,2023-11-05T16:46:56.009082
11125,عبدالحسین روح الامینی نجف آبادی,,تهران، شمیرانات، ری، اسلامشهر و پردیس,https://majles.iran.liara.run/api/TrVotes/GetMemberImage/11125,False,2023-11-05T16:46:56.009082
11126,مهدی روشنفکر,,بویراحمد و دنا,https://majles.iran.liara.run/api/TrVotes/GetMemberImage/11126,False,2023-11-05T16:46:56.009082
11127,رحیم زارع,,آباده، بوانات، خرم بید و سرچهان,https://majles.iran.liara.run/api/TrVotes/GetMemberImage/11127,False,2023-11-05T16:46:56.009082
11128,منصورعلی زارعی کیاپی,,ساری و میاندورود,https://majles.iran.liara.run/api/TrVotes/GetMemberImage/11128,False,2023-11-05T16:46:56.009082
11130,محمدمهدی زاهدی,,کرمان و راور,https://majles.iran.liara.run/api/TrVotes/GetMemberImage/11130,False,2023-11-05T16:46:56.009082
11129,علی رضا زاکانی (مستعفی),,قم,https://majles.iran.liara.run/api/TrVotes/GetMemberImage/11129,False,2023-11-05T16:46:56.009082
11131,آرش زره تن لهونی,,اورامانات,https://majles.iran.liara.run/api/TrVotes/GetMemberImage/11131,False,2023-11-05T16:46:56.009082
11132,علی زنجانی حسنلوئی,,نقده و اشنویه,https://majles.iran.liara.run/api/TrVotes/GetMemberImage/11132,False,2023-11-05T16:46:56.009082
11283,علیرضا زندیان,,بیجار,https://majles.iran.liara.run/api/TrVotes/GetMemberImage/11283,False,2023-11-05T16:46:56.009082
11133,محسن زنگنه,,تربت حیدریه، مه ولات و زاوه,https://majles.iran.liara.run/api/TrVotes/GetMemberImage/11133,False,2023-11-05T16:46:56.009082
11134,سیدجواد ساداتی نژاد (مستعفی),,کاشان و آران بیدگل,https://majles.iran.liara.run/api/TrVotes/GetMemberImage/11134,False,2023-11-05T16:46:56.009082
11135,قاسم ساعدی,,دشت آزادگان و هویزه,https://majles.iran.liara.run/api/TrVotes/GetMemberImage/11135,False,2023-11-05T16:46:56.009082
11136,همایون سامه یح نجف آبادی,,کلیمیان,https://majles.iran.liara.run/api/TrVotes/GetMemberImage/11136,False,2023-11-05T16:46:56.009082
11137,محمد سبزی,,ساوه و زرندیه,https://majles.iran.liara.run/api/TrVotes/GetMemberImage/11137,False,2023-11-05T16:46:56.009082
11138,محمد سرگزی,,زابل، زهک، هیرمند، نیمروز و هامون,https://majles.iran.liara.run/api/TrVotes/GetMemberImage/11138,False,2023-11-05T16:46:56.009082
11139,کیومرث سرمدی واله,,اسدآباد,https://majles.iran.liara.run/api/TrVotes/GetMemberImage/11139,False,2023-11-05T16:46:56.009082
11140,مهدی سعادتی بیشه سری,,بابل,https://majles.iran.liara.run/api/TrVotes/GetMemberImage/11140,False,2023-11-05T16:46:56.009082
11141,معین الدین سعیدی,,چابهار، نیک شهر، کنارك و قصرقند,https://majles.iran.liara.run/api/TrVotes/GetMemberImage/11141,False,2023-11-05T16:46:56.009082
11284,اصغر سلیمی,,سمیرم,https://majles.iran.liara.run/api/TrVotes/GetMemberImage/11284,False,2023-11-05T16:46:56.009082
11142,علیرضا سلیمی,,محلات و دلیجان,https://majles.iran.liara.run/api/TrVotes/GetMemberImage/11142,False,2023-11-05T16:46:56.009082
11143,رمضانعلی سنگدوینی,,گرگان و آق‌قلا,https://majles.iran.liara.run/api/TrVotes/GetMemberImage/11143,False,2023-11-05T16:46:56.009082
11144,لطف اله سیاه کلی,,قزوین، آبیک و البرز,https://majles.iran.liara.run/api/TrVotes/GetMemberImage/11144,False,2023-11-05T16:46:56.009082
11145,امانقلیچ شادمهر,,گنبد کاووس,https://majles.iran.liara.run/api/TrVotes/GetMemberImage/11145,False,2023-11-05T16:46:56.009082
11147,آرا شاوردیان,,مسیحیان ارمنی شمال ایران,https://majles.iran.liara.run/api/TrVotes/GetMemberImage/11147,False,2023-11-05T16:46:56.009082
11146,اقبال شاکری,,تهران، شمیرانات، ری، اسلامشهر و پردیس,https://majles.iran.liara.run/api/TrVotes/GetMemberImage/11146,False,2023-11-05T16:46:56.009082
11148,حسن شجاعی علی آبادی,,ابهر،خرمدره و سلطانیه,https://majles.iran.liara.run/api/TrVotes/GetMemberImage/11148,False,2023-11-05T16:46:56.009082
11149,غلام رضا شریعتی اندراتی,,بهشهر، نکا و گلوگاه,https://majles.iran.liara.run/api/TrVotes/GetMemberImage/11149,False,2023-11-05T16:46:56.009082
11151,مالک شریعتی نیاسر,,تهران، شمیرانات، ری، اسلامشهر و پردیس,https://majles.iran.liara.run/api/TrVotes/GetMemberImage/11151,False,2023-11-05T16:46:56.009082
11150,عفت شریعتی کوهبنانی,,زرند و کوهبنان,https://majles.iran.liara.run/api/TrVotes/GetMemberImage/11150,False,2023-11-05T16:46:56.009082
11152,مهدی شریفیان,,تهران، شمیرانات، ری، اسلامشهر و پردیس,https://majles.iran.liara.run/api/TrVotes/GetMemberImage/11152,False,2023-11-05T16:46:56.009082
11154,علیرضا شهبازی,,نهاوند,https://majles.iran.liara.run/api/TrVotes/GetMemberImage/11154,False,2023-11-05T16:46:56.009082
11155,حسینعلی شهریاری,,زاهدان,https://majles.iran.liara.run/api/TrVotes/GetMemberImage/11155,False,2023-11-05T16:46:56.009082
11153,منصور شکرالهی,,کهنوج، منوجان، رودبارجنوب، قلعه گنج و فاریاب,https://majles.iran.liara.run/api/TrVotes/GetMemberImage/11153,False,2023-11-05T16:46:56.009082
11156,زهرا شیخی,,اصفهان,https://majles.iran.liara.run/api/TrVotes/GetMemberImage/11156,False,2023-11-05T16:46:56.009082
11157,مسلم صالحی,,اقلید,https://majles.iran.liara.run/api/TrVotes/GetMemberImage/11157,False,2023-11-05T16:46:56.009082
11158,پروین صالحی مبارکه,,مبارکه,https://majles.iran.liara.run/api/TrVotes/GetMemberImage/11158,False,2023-11-05T16:46:56.009082
11159,محمدرضا صباغیان بافقی,,مهریز، بافق، ابرکوه، خاتم و بهاباد,https://majles.iran.liara.run/api/TrVotes/GetMemberImage/11159,False,2023-11-05T16:46:56.009082
11160,محمد صفائی دلوئی,,مریوان و سروآباد,https://majles.iran.liara.run/api/TrVotes/GetMemberImage/11160,False,2023-11-05T16:46:56.009082
11161,محمد صفری ملک میان,,رودسر و املش,https://majles.iran.liara.run/api/TrVotes/GetMemberImage/11161,False,2023-11-05T16:46:56.009082
11162,مصطفی طاهری,,زنجان و طارم,https://majles.iran.liara.run/api/TrVotes/GetMemberImage/11162,False,2023-11-05T16:46:56.009082
11163,سیدصادق طباطبائی نژاد,,اردستان,https://majles.iran.liara.run/api/TrVotes/GetMemberImage/11163,False,2023-11-05T16:46:56.009082
11164,مهدی طغیانی,,اصفهان,https://majles.iran.liara.run/api/TrVotes/GetMemberImage/11164,False,2023-11-05T16:46:56.009082
11165,فرهاد طهماسبی,,نی ریز، استهبان و بختگان,https://majles.iran.liara.run/api/TrVotes/GetMemberImage/11165,False,2023-11-05T16:46:56.009082
11166,روح اله عباس پور,,بوئین زهرا و آوج,https://majles.iran.liara.run/api/TrVotes/GetMemberImage/11166,False,2023-11-05T16:46:56.009082
11168,محمود عباس زاده مشکینی,,مشگین‌شهر,https://majles.iran.liara.run/api/TrVotes/GetMemberImage/11168,False,2023-11-05T16:46:56.009082
11285,علیرضا عباسی,,کرج، اشتهارد و فردیس,https://majles.iran.liara.run/api/TrVotes/GetMemberImage/11285,False,2023-11-05T16:46:56.009082
11169,فریدون عباسی دوانی,,کازرون و کوه چنار,https://majles.iran.liara.run/api/TrVotes/GetMemberImage/11169,False,2023-11-05T16:46:56.009082
11170,ابراهیم عزیـــزی,,کرمانشاه,https://majles.iran.liara.run/api/TrVotes/GetMemberImage/11170,False,2023-11-05T16:46:56.009082
11286,ابراهیم عزیـــزی,,کرمانشاه,https://majles.iran.liara.run/api/TrVotes/GetMemberImage/11286,False,2023-11-05T16:46:56.009082
11172,مهدی عسگری,,کرج، اشتهارد و فردیس,https://majles.iran.liara.run/api/TrVotes/GetMemberImage/11172,False,2023-11-05T16:46:56.009082
11171,محمدجواد عسکری,,داراب و زرین دشت,https://majles.iran.liara.run/api/TrVotes/GetMemberImage/11171,False,2023-11-05T16:46:56.009082
11173,محمد علی پور,,ماکو، چالدران، پلدشت و شوط,https://majles.iran.liara.run/api/TrVotes/GetMemberImage/11173,False,2023-11-05T16:46:56.009082
11174,کمال علی پورخنکداری,,قائم شهر، سوادکوه، جویبار، سیمرغ و سوادکوه شمالی,https://majles.iran.liara.run/api/TrVotes/GetMemberImage/11174,False,2023-11-05T16:46:56.009082
11175,احمد علی رضابیگی,,تبریز، آذرشهر و اسکو,https://majles.iran.liara.run/api/TrVotes/GetMemberImage/11175,False,2023-11-05T16:46:56.009082
11176,علی علی زاده,,مراغه و عجب شیر,https://majles.iran.liara.run/api/TrVotes/GetMemberImage/11176,False,2023-11-05T16:46:56.009082
11287,بهزاد علیزاده,,دهلران، دره شهر، آبدانان و بدره,https://majles.iran.liara.run/api/TrVotes/GetMemberImage/11287,False,2023-11-05T16:46:56.009082
11177,محسن علیزاده,,سپیدان و بیضاء,https://majles.iran.liara.run/api/TrVotes/GetMemberImage/11177,False,2023-11-05T16:46:56.009082
11178,علی اکبر علیزاده برمی,,دامغان,https://majles.iran.liara.run/api/TrVotes/GetMemberImage/11178,False,2023-11-05T16:46:56.009082
11179,ابوالفضل عموئی,,تهران، شمیرانات، ری، اسلامشهر و پردیس,https://majles.iran.liara.run/api/TrVotes/GetMemberImage/11179,False,2023-11-05T16:46:56.009082
11180,علی اصغر عنابستانی,,سبزوار، جغتای، جوین، خوشاب و داورزن,https://majles.iran.liara.run/api/TrVotes/GetMemberImage/11180,False,2023-11-05T16:46:56.009082
11181,مهدی عیسی زاده,,میاندوآب,https://majles.iran.liara.run/api/TrVotes/GetMemberImage/11181,False,2023-11-05T16:46:56.009082
11182,موسی غضنفرآبادی,,بم، ریگان، فهرج و نرماشیر,https://majles.iran.liara.run/api/TrVotes/GetMemberImage/11182,False,2023-11-05T16:46:56.009082
11183,ملک فاضلی,,سراوان ، سیب، سوران و مهرستان,https://majles.iran.liara.run/api/TrVotes/GetMemberImage/11183,False,2023-11-05T16:46:56.009082
11184,محسن فتحی,,سنندج، دیواندره و کامیاران,https://majles.iran.liara.run/api/TrVotes/GetMemberImage/11184,False,2023-11-05T16:46:56.009082
11185,رسول فرخی میکال,,لاهیجان و سیاهکل,https://majles.iran.liara.run/api/TrVotes/GetMemberImage/11185,False,2023-11-05T16:46:56.009082
11186,ولی اله فرزانه,,نور و محمودآباد,https://majles.iran.liara.run/api/TrVotes/GetMemberImage/11186,False,2023-11-05T16:46:56.009082
11187,سیدمهدی فرشادان,,سنندج، دیواندره و کامیاران,https://majles.iran.liara.run/api/TrVotes/GetMemberImage/11187,False,2023-11-05T16:46:56.009082
11189,محمدحسین فرهنگی,,تبریز، آذرشهر و اسکو,https://majles.iran.liara.run/api/TrVotes/GetMemberImage/11189,False,2023-11-05T16:46:56.009082
11188,محمدمهدی فروردین,,فیروزآباد، فراشبند و قیرو کارزین,https://majles.iran.liara.run/api/TrVotes/GetMemberImage/11188,False,2023-11-05T16:46:56.009082
11190,احمدحسین فلاحی,,همدان و فامنین,https://majles.iran.liara.run/api/TrVotes/GetMemberImage/11190,False,2023-11-05T16:46:56.009082
11191,سارا فلاحی,,ایلام، ایوان، چرداول، مهران، ملکشاهی و شیروان,https://majles.iran.liara.run/api/TrVotes/GetMemberImage/11191,False,2023-11-05T16:46:56.009082
11192,حجت اله فیروزی,,فسا,https://majles.iran.liara.run/api/TrVotes/GetMemberImage/11192,False,2023-11-05T16:46:56.009082
11193,رحمت اله فیروزی پوربادی,,نطنز و بخش قمصر,https://majles.iran.liara.run/api/TrVotes/GetMemberImage/11193,False,2023-11-05T16:46:56.009082
11194,جعفر قادری,,شیراز و زرقان,https://majles.iran.liara.run/api/TrVotes/GetMemberImage/11194,False,2023-11-05T16:46:56.009082
11195,فاطمه قاسم پور,,تهران، شمیرانات، ری، اسلامشهر و پردیس,https://majles.iran.liara.run/api/TrVotes/GetMemberImage/11195,False,2023-11-05T16:46:56.009082
11196,شیوا قاسمی پور,,مریوان و سروآباد,https://majles.iran.liara.run/api/TrVotes/GetMemberImage/11196,False,2023-11-05T16:46:56.009082
11197,سیداحسان قاضی زاده هاشمی,,فریمان، سرخس، بخشهای احمد آباد و رضویه,https://majles.iran.liara.run/api/TrVotes/GetMemberImage/11197,False,2023-11-05T16:46:56.009082
11198,سیدامیرحسین قاضی زاده هاشمی (مستعفی),,مشهد و کلات,https://majles.iran.liara.run/api/TrVotes/GetMemberImage/11198,False,2023-11-05T16:46:56.009082
11199,محمدباقر قالیباف,,تهران، شمیرانات، ری، اسلامشهر و پردیس,https://majles.iran.liara.run/api/TrVotes/GetMemberImage/11199,False,2023-11-05T16:46:56.009082
11209,عباس گلرو,,سمنان، مهدیشهر و سرخه,https://majles.iran.liara.run/api/TrVotes/GetMemberImage/11209,False,2023-11-05T16:46:56.009082
11210,مهرداد گودرزوندچگینی,,رودبار,https://majles.iran.liara.run/api/TrVotes/GetMemberImage/11210,False,2023-11-05T16:46:56.009082
11211,حسین گودرزی,,دورود و ازنا,https://majles.iran.liara.run/api/TrVotes/GetMemberImage/11211,False,2023-11-05T16:46:56.009082
11212,عباس گودرزی,,بروجرد,https://majles.iran.liara.run/api/TrVotes/GetMemberImage/11212,False,2023-11-05T16:46:56.009082
11213,سهراب گیلانی,,شوشتر و گتوند,https://majles.iran.liara.run/api/TrVotes/GetMemberImage/11213,False,2023-11-05T16:46:56.009082
11214,زهره سادات لاجوردی,,تهران، شمیرانات، ری، اسلامشهر و پردیس,https://majles.iran.liara.run/api/TrVotes/GetMemberImage/11214,False,2023-11-05T16:46:56.009082
11215,حسن لطفی,,رزن و درگزین,https://majles.iran.liara.run/api/TrVotes/GetMemberImage/11215,False,2023-11-05T16:46:56.009082
11216,فداحسین مالکی,,زاهدان,https://majles.iran.liara.run/api/TrVotes/GetMemberImage/11216,False,2023-11-05T16:46:56.009082
11217,محمدرضا مبلغی,,کوهدشت و رومشکان,https://majles.iran.liara.run/api/TrVotes/GetMemberImage/11217,False,2023-11-05T16:46:56.009082
11218,روح اله متفکرآزاد,,تبریز، آذرشهر و اسکو,https://majles.iran.liara.run/api/TrVotes/GetMemberImage/11218,False,2023-11-05T16:46:56.009082
11219,ابراهیم متینیان,,رامهرمز و رامشیر,https://majles.iran.liara.run/api/TrVotes/GetMemberImage/11219,False,2023-11-05T16:46:56.009082
11220,بهروز محبی نجم آبادی,,سبزوار، جغتای، جوین، خوشاب و داورزن,https://majles.iran.liara.run/api/TrVotes/GetMemberImage/11220,False,2023-11-05T16:46:56.009082
11221,احمد محرم زاده یخفروزان,,اهر و هریس,https://majles.iran.liara.run/api/TrVotes/GetMemberImage/11221,False,2023-11-05T16:46:56.009082
11222,محمدعلی محسنی بندپی,,نوشهر، چالوس و کلاردشت,https://majles.iran.liara.run/api/TrVotes/GetMemberImage/11222,False,2023-11-05T16:46:56.009082
11223,سیدمجتبی محفوظی,,آبادان,https://majles.iran.liara.run/api/TrVotes/GetMemberImage/11223,False,2023-11-05T16:46:56.009082
11224,فاطمه محمدبیگی,,قزوین، آبیک و البرز,https://majles.iran.liara.run/api/TrVotes/GetMemberImage/11224,False,2023-11-05T16:46:56.009082
11225,حسین محمدصالحی دارانی,,فریدن، چادگان، فریدونشهر، بوئین و میاندشت,https://majles.iran.liara.run/api/TrVotes/GetMemberImage/11225,False,2023-11-05T16:46:56.009082
11226,پرویز محمدنژادقاضی محله,,لنگرود,https://majles.iran.liara.run/api/TrVotes/GetMemberImage/11226,False,2023-11-05T16:46:56.009082
11227,صمداله محمدی,,بافت، رابر و ارزوئیه,https://majles.iran.liara.run/api/TrVotes/GetMemberImage/11227,False,2023-11-05T16:46:56.009082
11228,حسن محمدیاری,,طوالش، رضوانشهر و ماسال,https://majles.iran.liara.run/api/TrVotes/GetMemberImage/11228,False,2023-11-05T16:46:56.009082
11229,جلال محمودزاده,,مهاباد,https://majles.iran.liara.run/api/TrVotes/GetMemberImage/11229,False,2023-11-05T16:46:56.009082
11230,مرتضی محمودوند,,خرم‌آباد و چگنی,https://majles.iran.liara.run/api/TrVotes/GetMemberImage/11230,False,2023-11-05T16:46:56.009082
11231,سمیه محمودی,,شهرضا و دهاقان,https://majles.iran.liara.run/api/TrVotes/GetMemberImage/11231,False,2023-11-05T16:46:56.009082
11232,جلیل مختار,,آبادان,https://majles.iran.liara.run/api/TrVotes/GetMemberImage/11232,False,2023-11-05T16:46:56.009082
11233,احمد مرادی,,بندرعباس، قشم، ابوموسی،حاجی‌آباد و خمیر,https://majles.iran.liara.run/api/TrVotes/GetMemberImage/11233,False,2023-11-05T16:46:56.009082
11234,کیوان مرادیان کوچکسرائی,,قائم شهر، سوادکوه، جویبار، سیمرغ و سوادکوه شمالی,https://majles.iran.liara.run/api/TrVotes/GetMemberImage/11234,False,2023-11-05T16:46:56.009082
11235,غلامرضا مرحباء,,آستارا,https://majles.iran.liara.run/api/TrVotes/GetMemberImage/11235,False,2023-11-05T16:46:56.009082
11236,عبدالرضا مصری,,کرمانشاه,https://majles.iran.liara.run/api/TrVotes/GetMemberImage/11236,False,2023-11-05T16:46:56.009082
11237,اردشیر مطهری,,گرمسار و آرادان,https://majles.iran.liara.run/api/TrVotes/GetMemberImage/11237,False,2023-11-05T16:46:56.009082
11238,محمدطلا مظلومی آبزرگه,,بهبهان و آغاجاری,https://majles.iran.liara.run/api/TrVotes/GetMemberImage/11238,False,2023-11-05T16:46:56.009082
11239,محمدمهدی مفتح,,تویسرکان,https://majles.iran.liara.run/api/TrVotes/GetMemberImage/11239,False,2023-11-05T16:46:56.009082
11240,عباس مقتدای خوراسگانی,,اصفهان,https://majles.iran.liara.run/api/TrVotes/GetMemberImage/11240,False,2023-11-05T16:46:56.009082
11241,فاطمه مقصودی,,بروجرد,https://majles.iran.liara.run/api/TrVotes/GetMemberImage/11241,False,2023-11-05T16:46:56.009082
11242,علیرضا منادی سفیدان,,تبریز، آذرشهر و اسکو,https://majles.iran.liara.run/api/TrVotes/GetMemberImage/11242,False,2023-11-05T16:46:56.009082
11243,غلامرضا منتظری,,گرگان و آق‌قلا,https://majles.iran.liara.run/api/TrVotes/GetMemberImage/11243,False,2023-11-05T16:46:56.009082
11244,سیدمحمد موحد,,کهکیلویه، بهمنی، چرام و لنده,https://majles.iran.liara.run/api/TrVotes/GetMemberImage/11244,False,2023-11-05T16:46:56.009082
11245,سیدعلی موسوی,,ملکان,https://majles.iran.liara.run/api/TrVotes/GetMemberImage/11245,False,2023-11-05T16:46:56.009082
11247,سیدموسی موسوی,,لامرد و مهر,https://majles.iran.liara.run/api/TrVotes/GetMemberImage/11247,False,2023-11-05T16:46:56.009082
11248,سیدنظام الدین موسوی,,تهران، شمیرانات، ری، اسلامشهر و پردیس,https://majles.iran.liara.run/api/TrVotes/GetMemberImage/11248,False,2023-11-05T16:46:56.009082
11246,سیدکاظم موسوی,,اردبیل، نمین، نیر و سرعین,https://majles.iran.liara.run/api/TrVotes/GetMemberImage/11246,False,2023-11-05T16:46:56.009082
11249,سیدناصر موسوی لارگانی,,فلاورجان,https://majles.iran.liara.run/api/TrVotes/GetMemberImage/11249,False,2023-11-05T16:46:56.009082
11250,سیدمحمد مولوی,,آبادان,https://majles.iran.liara.run/api/TrVotes/GetMemberImage/11250,False,2023-11-05T16:46:56.009082
11251,سیدمحمدرضا میرتاج الدینی,,تبریز، آذرشهر و اسکو,https://majles.iran.liara.run/api/TrVotes/GetMemberImage/11251,False,2023-11-05T16:46:56.009082
11252,حسین میرزائی,,اصفهان,https://majles.iran.liara.run/api/TrVotes/GetMemberImage/11252,False,2023-11-05T16:46:56.009082
11253,سیدجلیل میرمحمدی میبدی,,تفت و میبد,https://majles.iran.liara.run/api/TrVotes/GetMemberImage/11253,False,2023-11-05T16:46:56.009082
11254,الیاس نادران,,تهران، شمیرانات، ری، اسلامشهر و پردیس,https://majles.iran.liara.run/api/TrVotes/GetMemberImage/11254,False,2023-11-05T16:46:56.009082
11255,احمد نادری,,تهران، شمیرانات، ری، اسلامشهر و پردیس,https://majles.iran.liara.run/api/TrVotes/GetMemberImage/11255,False,2023-11-05T16:46:56.009082
11256,مجید ناصری نژاد,,شادگان,https://majles.iran.liara.run/api/TrVotes/GetMemberImage/11256,False,2023-11-05T16:46:56.009082
11257,سیدمحمود نبویان,,تهران، شمیرانات، ری، اسلامشهر و پردیس,https://majles.iran.liara.run/api/TrVotes/GetMemberImage/11257,False,2023-11-05T16:46:56.009082
11258,روح اله نجابت,,شیراز و زرقان,https://majles.iran.liara.run/api/TrVotes/GetMemberImage/11258,False,2023-11-05T16:46:56.009082
11259,عادل نجف زاده,,خوی و چایپاره,https://majles.iran.liara.run/api/TrVotes/GetMemberImage/11259,False,2023-11-05T16:46:56.009082
11293,ابراهیم نجفی آستانه‌اشرفیه,,آستانه اشرفیه,https://majles.iran.liara.run/api/TrVotes/GetMemberImage/11293,False,2023-11-05T16:46:56.009082
11260,مصطفی نخعی,,نهبندان و سربیشه,https://majles.iran.liara.run/api/TrVotes/GetMemberImage/11260,False,2023-11-05T16:46:56.009082
11261,مجید نصیرائی,,فردوس، سرایان، طبس و بشرویه,https://majles.iran.liara.run/api/TrVotes/GetMemberImage/11261,False,2023-11-05T16:46:56.009082
11262,علیرضا نظری,,خمین,https://majles.iran.liara.run/api/TrVotes/GetMemberImage/11262,False,2023-11-05T16:46:56.009082
11263,سیدغنی نظری خانقاه,,خلخال و کوثر,https://majles.iran.liara.run/api/TrVotes/GetMemberImage/11263,False,2023-11-05T16:46:56.009082
11264,محمدتقی نقدعلی,,خمینی شهر,https://majles.iran.liara.run/api/TrVotes/GetMemberImage/11264,False,2023-11-05T16:46:56.009082
11265,بیژن نوباوه وطن,,تهران، شمیرانات، ری، اسلامشهر و پردیس,https://majles.iran.liara.run/api/TrVotes/GetMemberImage/11265,False,2023-11-05T16:46:56.009082
11266,حسن نوروزی,,رباط کریم و بهارستان,https://majles.iran.liara.run/api/TrVotes/GetMemberImage/11266,False,2023-11-05T16:46:56.009082
11267,رحمت اله نوروزی,,علی آباد,https://majles.iran.liara.run/api/TrVotes/GetMemberImage/11267,False,2023-11-05T16:46:56.009082
11268,غلامرضا نوری قزلجه,,بستان آباد,https://majles.iran.liara.run/api/TrVotes/GetMemberImage/11268,False,2023-11-05T16:46:56.009082
11269,حسین نوش آبادی,,تهران، شمیرانات، ری، اسلامشهر و پردیس,https://majles.iran.liara.run/api/TrVotes/GetMemberImage/11269,False,2023-11-05T16:46:56.009082
11270,جواد نیک بین,,کاشمر، بردسکن و خلیل‌آباد,https://majles.iran.liara.run/api/TrVotes/GetMemberImage/11270,False,2023-11-05T16:46:56.009082
11271,علی نیک زادثمرین,,اردبیل، نمین، نیر و سرعین,https://majles.iran.liara.run/api/TrVotes/GetMemberImage/11271,False,2023-11-05T16:46:56.009082
11275,حسن همتی,,شاهین دژ و تکاب,https://majles.iran.liara.run/api/TrVotes/GetMemberImage/11275,False,2023-11-05T16:46:56.009082
11272,محمد وحیدی,,بجنورد، مانه، سملقان، جاجرم، گرمه، راز و جرگلان,https://majles.iran.liara.run/api/TrVotes/GetMemberImage/11272,False,2023-11-05T16:46:56.009082
11273,علیرضا ورناصری قندعلی,,مسجدسلیمان، لالی، هفتگل و اندیکا,https://majles.iran.liara.run/api/TrVotes/GetMemberImage/11273,False,2023-11-05T16:46:56.009082
11274,مهرداد ویس کرمی,,خرم‌آباد و چگنی,https://majles.iran.liara.run/api/TrVotes/GetMemberImage/11274,False,2023-11-05T16:46:56.009082
11200,سیدحمیدرضا کاظمی,,پلدختر,https://majles.iran.liara.run/api/TrVotes/GetMemberImage/11200,False,2023-11-05T16:46:56.009082
11201,غلامحسین کرمی,,دشتی و تنگستان,https://majles.iran.liara.run/api/TrVotes/GetMemberImage/11201,False,2023-11-05T16:46:56.009082
11202,علی اکبر کریمی,,اراک، کمیجان و خنداب,https://majles.iran.liara.run/api/TrVotes/GetMemberImage/11202,False,2023-11-05T16:46:56.009082
11203,علی کریمی فیروزجائی,,بابل,https://majles.iran.liara.run/api/TrVotes/GetMemberImage/11203,False,2023-11-05T16:46:56.009082
11204,جواد کریمی قدوسی,,مشهد و کلات,https://majles.iran.liara.run/api/TrVotes/GetMemberImage/11204,False,2023-11-05T16:46:56.009082
11205,محمد کعب عمیر,,شوش,https://majles.iran.liara.run/api/TrVotes/GetMemberImage/11205,False,2023-11-05T16:46:56.009082
11292,اسماعیل کوثری,,تهران، ری، شمیرانات و اسلامشهر,https://majles.iran.liara.run/api/TrVotes/GetMemberImage/11292,False,2023-11-05T16:46:56.009082
11207,جبار کوچکی نژادارم ساداتی,,رشت,https://majles.iran.liara.run/api/TrVotes/GetMemberImage/11207,False,2023-11-05T16:46:56.009082
11208,غلامعلی کوهساری,,رامیان و آزادشهر,https://majles.iran.liara.run/api/TrVotes/GetMemberImage/11208,False,2023-11-05T16:46:56.009082
11276,سیدعلی یزدی خواه,,تهران، شمیرانات، ری، اسلامشهر و پردیس,https://majles.iran.liara.run/api/TrVotes/GetMemberImage/11276,False,2023-11-05T16:46:56.009082
11277,مجتبی یوسفی,,اهواز، باوی، حمیدیه و کارون,https://majles.iran.liara.run/api/TrVotes/GetMemberImage/11277,False,2023-11-05T16:46:56.009082
